{"name":"Ta trở thành phú nhị đại phản phái", "id": "ta-tro-thanh-phu-nhi-dai-phan-phai","count":755,"author":"Tam Tam Đắc Cửu","references":[" Chương 1: Ta thành phú nhị đại phản phái "," Chương 2: Giáo hoa nữ chủ "," Chương 3: Thấu thị dị năng nhân vật chính "," Chương 4: Đây cũng quá song tiêu "," Chương 5: Bị đánh, đương nhiên là nói cho lão sư "," Chương 6: Giằng co "," Chương 7: Nhân vật chính quang hoàn thật cường hãn "," Chương 8: Thầm mến hiệu thảo nữ sinh "," Chương 9: Nhân vật chính kiếm tiền kế hoạch "," Chương 10: Hắn là gian lận bài bạc! "," Chương 11: Hiệu thảo phiền não "," Chương 12: Đây là ngươi viết cho ta thư tình a? "," Chương 13: Nhân vật chính quang hoàn không nói đạo lý "," Chương 14: Nữ lão sư xinh đẹp người theo đuổi "," Chương 15: Tông Sư cấp vẽ tranh kỹ năng "," Chương 16: Xe đạp vs Cullinan "," Chương 17: Không phải liền hớp trà đều không cho uống đi "," Chương 18: Kỳ hoa phụ thân "," Chương 19: Đại Sư cấp Vịnh Xuân Quyền "," Chương 20: Tờ giấy "," Chương 21: Ngươi lừa gạt ai đây? "," Chương 22: Kỳ thi thử "," Chương 23: Bất hoà "," Chương 24: Chờ ta cầm thành tích đánh các ngươi mặt "," Chương 25: Gian lận kế hoạch "," Chương 26: Tới trước khi thi lớp học tiểu hoạt động "," Chương 27: Vương Hạo Nhiên đồng học người tú "," Chương 28: Tình ca vương tử "," Chương 29: Gian lận lật xe "," Chương 30: Xin phép nghỉ "," Chương 31: Quốc sắc thiên hương "," Chương 32: Lại một cái nữ chủ "," Chương 33: Ngọc Thạch công xưởng "," Chương 34: Cái này miệng nhỏ ngọt "," Chương 35: Thật tốt nam sinh a "," Chương 36: Đồng dạng sáo lộ "," Chương 37: Đầu hàng thua một nửa "," Chương 38: Cưỡng ép "," Chương 39: Thay thế con tin "," Chương 40: Anh hùng cứu mỹ nhân "," Chương 41: Cách xa hắn một chút "," Chương 42: Hứa Mộ Nhan phiền não "," Chương 43: Giám thị "," Chương 44: Bờ sông hẹn hò "," Chương 45: Đều đã tới "," Chương 46: Điên cuồng bổ đao "," Chương 47: Hứa phụ ẩn thương "," Chương 48: Ngươi càng ưa thích ai? "," Chương 49: Tần Vận Hàn "," Chương 50: Chí Tôn Độc Kinh "," Chương 51: Ưa thích liền đi thổ lộ a "," Chương 52: Tân nhân vật chính "," Chương 53: Có loại đơn đấu "," Chương 54: Không đáp ứng không cự tuyệt "," Chương 55: Trên núi tới cao thủ đến "," Chương 56: Sau đó đều không trở lại ở "," Chương 57: Đỉnh cấp hacker kỹ thuật "," Chương 58: Bọ ngựa bắt ve, hoàng tước tại hậu? "," Chương 59: Giáo hoa đẩy ngược "," Chương 60: Ngươi sẽ giả đụng sao? "," Chương 61: Thành công tiệt hồ "," Chương 62: Hoàng Kim Chỉ nhân vật chính "," Chương 63: Kế hoạch "," Chương 64: Nhanh chân đến trước "," Chương 65: Siêu cấp đại phản phái xuất kích "," Chương 66: Nhìn mấy ngày sách đồ cổ liền sẽ giám bảo? "," Chương 67: Tiếp tục nhổ lông dê "," Chương 68: Hứa Mộ Nhan đổi tính "," Chương 69: Đường a di tốt "," Chương 70: Quả nhiên không chuyện tốt "," Chương 71: Dũng mãnh cứu người "," Chương 72: Ngươi có bệnh! "," Chương 73: Đường gia trang vườn "," Chương 74: Nhân vật chính bị bắt "," Chương 75: Nhân vật chính sáo lộ thất bại "," Chương 76: Tiệt hồ nhân vật chính "," Chương 77: Tranh này ta mua "," Chương 78: Lừa dối thành công "," Chương 79: Đi học lớp bảy? "," Chương 80: Ngăn cản nhân vật chính trang bức đánh mặt "," Chương 81: Cái này thọ lễ không thể thu "," Chương 82: Đàm luận thư pháp "," Chương 83: Chấn kinh toàn trường "," Chương 84: Cứu người vẫn là để chuyên nghiệp tới "," Chương 85: Ngươi chính là sao chổi "," Chương 86: Vương tử cùng công chúa? "," Chương 87: Cây rụng tiền bên trên trưởng thành tiền "," Chương 88: Đưa tiền tài đồng tử Phương Hằng "," Chương 89: Hai cái giáo hoa đều là dấm vương "," Chương 90: Đi quầy bar "," Chương 91: Hắc Mẫu Đơn quầy bar "," Chương 92: Tiệt hồ nhân vật chính, anh hùng cứu mỹ nhân "," Chương 93: Đại tỷ nữ chủ "," Chương 94: Uy hiếp đại tỷ đại "," Chương 95: Mỹ mạo so cốt khí trọng yếu "," Chương 96: Phương tâm thầm biểu thị "," Chương 97: Diều hâu tung tích "," Chương 98: Bắt được diều hâu "," Chương 99: Thăng cấp độc thuật "," Chương 100: Đều mang tâm tư "," Chương 101: Tai vách mạch rừng "," Chương 102: Tương kế tựu kế "," Chương 103: Khách không mời "," Chương 104: Lang vương đăng tràng "," Chương 105: Bắt được nhân vật chính "," Chương 106: Chủ sử sau màn "," Chương 107: Coi trời bằng vung lang vương "," Chương 108: Tiêu Dật Phong tâm thái nổ tung "," Chương 109: Băng sơn tổng tài hôn ước "," Chương 110: Binh vương lưu nhân vật chính "," Chương 111: Lão già họm hẹm rất xấu "," Chương 112: Làm binh vương nhân vật chính tâm thái "," Chương 113: Trò hay muốn đăng tràng "," Chương 114: Thất hồn lạc phách binh vương "," Chương 115: Phương Tuyền xin giúp đỡ "," Chương 116: Binh vương gọi ngoại viện "," Chương 117: Chữa trị không được "," Chương 118: Bị yêu chuộng đều không có sợ hãi "," Chương 119: Giải cứu Đường Băng Vân "," Chương 120: Phí tổn thất tinh thần "," Chương 121: Thẩm phu nhân sự tình bại lộ "," Chương 122: Đánh cược "," Chương 123: Tính toán sai lầm "," Chương 124: Tiệc rượu "," Chương 125: Đã kết hôn rồi "," Chương 126: Chiến thần chuế tế lưu "," Chương 127: Chiến thần trang bức thất bại "," Chương 128: Binh vương bị bắt? "," Chương 129: Ngồi thu ngư ông đắc lợi "," Chương 130: Nhất tiễn song điêu "," Chương 131: có người vui vẻ có người buồn "," Chương 132: Chiến thần muốn thuần túy ái tình "," Chương 133: Thả dây dài câu cá lớn "," Chương 134: Không khoác lác sẽ chết sao? "," Chương 135: Dương Tĩnh Uyển phiền não "," Chương 136: Lừa dối "," Chương 137: Kế hoạch "," Chương 138: Mị lực quang hoàn "," Chương 139: Công trạng tăng vọt "," Chương 140: Mời trang trọng một điểm! "," Chương 141: Làm một tràng long trọng hôn lễ "," Chương 142: Nội bộ đánh tan "," Chương 143: Thăm bệnh "," Chương 144: Binh vương tâm thái nổ tung "," Chương 145: Nữ nhân đáng sợ "," Chương 146: Trời sinh ảnh hậu "," Chương 147: Hoàn khố cáo trạng "," Chương 148: Hợp tác đạt thành "," Chương 149: Nghịch tử, nghịch tử a! "," Chương 150: Họp lớp "," Chương 151: Chiến thần trên đầu lục quang tung bay "," Chương 152: Đặt mua trang phục "," Chương 153: Lóe sáng đăng tràng "," Chương 154: Chuế tế lưu nữ chủ muốn ly hôn "," Chương 155: Thần y chẩn bệnh "," Chương 156: Trắng trợn tuyên truyền "," Chương 157: Vây xem thần y chữa bệnh "," Chương 158: Thần y lật xe "," Chương 159: Lang băm hại người a "," Chương 160: Đi nhìn áo cưới "," Chương 161: Ăn cắp kỹ năng "," Chương 162: Hai đạo nhân mã "," Chương 163: Chọn lựa áo cưới "," Chương 164: Mơ mơ màng màng "," Chương 165: Chiến thần trang bức thất bại "," Chương 166: Họa sát thân "," Chương 167: Giả ý quy hàng "," Chương 168: Kết hôn là cái âm mưu "," Chương 169: Thiên Cơ Tử chạy trốn "," Chương 170: Long trọng hôn lễ "," Chương 171: Xuân phong đắc ý chiến thần "," Chương 172: Chiến thần mộng nát "," Chương 173: Chiến thần hắc hóa "," Chương 174: Hết thảy đều kết thúc, chiến thần lành lạnh "," Chương 175: Tranh giành tình nhân "," Chương 176: Thiên tài dương cầm gia nữ chủ "," Chương 177: Thần đồng nhân vật chính "," Chương 178: Phản sáo lộ "," Chương 179: Ma thuật: Cách không lấy vật "," Chương 180: Kết giao bằng hữu "," Chương 181: Đàn dương cầm nam thần "," Chương 182: Sáng tác nhạc khúc "," Chương 183: Lần nữa oanh động "," Chương 184: Nhất định rất xấu "," Chương 185: May mắn khán giả "," Chương 186: Là hắn! "," Chương 187: Chấn kinh toàn trường "," Chương 188: Vinh quang tiết mục nghệ thuật "," Chương 189: Tha hương nơi đất khách quê người "," Chương 190: Khâu Thiến Vi phiền não "," Chương 191: Quật ngã bình dấm chua "," Chương 192: Theo ngọt ngào đến sụp đổ "," Chương 193: Hoạch thưởng cảm nghĩ, dư luận phong ba "," Chương 194: Lòng nóng như lửa đốt "," Chương 195: Đệ nhất nữ sát thủ "," Chương 196: Tứ tỷ Bộ Phi Yên "," Chương 197: Lục tỷ Kỷ Thủy Dao "," Chương 198: Siêu cấp đồ lặn "," Chương 199: Vạn mét đáy biển "," Chương 200: Hải dương bá chủ "," Chương 201: Trở về địa điểm xuất phát, thu hoạch "," Chương 202: Toàn cầu phát hiện "," Chương 203: Trang đầu văn chương "," Chương 204: Hai cái Tiểu Bảo "," Chương 205: Giới khoa học chấn động "," Chương 206: Cùng một người? "," Chương 207: Gặp mặt "," Chương 208: Thu hoạch "," Chương 209: Bộ Phi Yên phiền toái "," Chương 210: Kinh sợ thối lui "," Chương 211: Chèo thuyền "," Chương 212: Tiểu đảo "," Chương 213: Đoàn diệt "," Chương 214: Nhập học "," Chương 215: Giáo hoa cùng nữ thần "," Chương 216: Hệ tài chính giáo sư Liễu Nguyệt "," Chương 217: Đặc thù tài chính thực tiễn khóa "," Chương 218: Không nghe giáo dục "," Chương 219: Ngươi cho rằng ngươi là cỗ thần? "," Chương 220: Tinh xảo phân tích "," Chương 221: Bạn trai là ai? "," Chương 222: Lẫn nhau bát quái "," Chương 223: Tự tin dự đoán "," Chương 224: Dự đoán sai lầm "," Chương 225: Thật sự chính là nhặt tiền "," Chương 226: Lão công ngươi thế nào nhìn? "," Chương 227: Cao nhân chỉ điểm "," Chương 228: Bưu kiện tiểu ca Tô Thần "," Chương 229: Dựng nên uy tín "," Chương 230: Thần hào lưu nhân vật chính trang bức thất bại "," Chương 231: Hai cái nhân vật chính bị làm tâm thái, Vương Hạo Nhiên tạo nên võng luyến người thiết lập "," Chương 232: Hoàn mỹ nam thần "," Chương 233: Quan tuyên "," Chương 234: Cảm ơn lão công "," Chương 235: Phong sát "," Chương 236: Thần y nữ chủ "," Chương 237: Biến bạn gái cũ "," Chương 238: Đã lâu không gặp "," Chương 239: Chữa hoạn quan hệ? "," Chương 240: Cứu người "," Chương 241: Ta có một người bạn "," Chương 242: Thuê phòng "," Chương 243: Chủ nhà Diệp Thu "," Chương 244: Lão sư biến học tỷ "," Chương 245: Không phải người tốt "," Chương 246: Diệp Thu bị bắt "," Chương 247: Ôn chuyện "," Chương 248: Thiều Oản Oản "," Chương 249: Thánh nữ Độc tông "," Chương 250: Thù truyền kiếp, chiến thư "," Chương 251: Đọ sức bắt đầu "," Chương 252: Không chào đón "," Chương 253: Điều kiện "," Chương 254: Gọi ba ba "," Chương 255: Lại gặp Tiết thần y "," Chương 256: Lấy thân thử độc "," Chương 257: Đừng nói chuyện "," Chương 258: Tỷ muội tâm sự "," Chương 259: Đối chọi gay gắt "," Chương 260: Điều hòa mâu thuẫn "," Chương 261: Lão tổ cao minh a! "," Chương 262: Thu phục phản phái thế lực "," Chương 263: Quỷ hút máu mẹ con "," Chương 264: Phù đệ ma nữ chủ? "," Chương 265: Yêu cầu sính lễ "," Chương 266: Tỷ phu? "," Chương 267: Phạm nhiều người tức giận "," Chương 268: Có ta địa phương, chính là nhà của ngươi "," Chương 269: Sửa chữa nghiệp vụ "," Chương 270: Đại thần phong thái "," Chương 271: Câu cá thất bại "," Chương 272: Trở lại bảng nhất "," Chương 273: Giả mạo nữ chủ "," Chương 274: U Linh Xa? "," Chương 275: Tố cáo "," Chương 276: Điên rồi "," Chương 277: Lại có thể ra ngoài phóng đãng "," Chương 278: Thích khách? "," Chương 279: Tiềm Long Sồ Phượng bảng "," Chương 280: Trăm năm chân khí "," Chương 281: Một bàn tay đập bay "," Chương 282: Tỷ muội gặp mặt "," Chương 283: Một cái so một cái không tưởng nổi "," Chương 284: Công tử thế vô song "," Chương 285: Giao dịch "," Chương 286: Vừa gặp đã cảm mến "," Chương 287: Lại là hắn! "," Chương 288: Đắc tội "," Chương 289: Thu hoạch phong phú "," Chương 290: Thu phục phản phái "," Chương 291: Bắt buộc dỡ bỏ "," Chương 292: Đoàn làm phim dò xét lớp "," Chương 293: Nữ tần nhân vật chính "," Chương 294: Vương Hạo Nhiên: Ta có chọn sao? "," Chương 295: Vô hạn đầu sắt "," Chương 296: Mỹ nữ vẫn là sửu nữ? "," Chương 297: Giá trị bộ mặt tan vỡ "," Chương 298: Đầu không thiết "," Chương 299: Đại tiểu thư giá lâm "," Chương 300: Bảng nhất đại ca tái hiện "," Chương 301: Người qua đường người chơi "," Chương 302: Cứu giá cứu giá! "," Chương 303: Tân thủ biến đại thần "," Chương 304: Thiên phòng vạn phòng, đồng đội khó phòng ngự "," Chương 305: Lại bị nổ "," Chương 306: Tiểu thái điểu: Ta lộ mềm mại siêu cấp chuồn "," Chương 307: Diễn viên tiếp sức "," Chương 308: Mộng bỉ tiểu trứng mặn "," Chương 309: Tiểu thái điểu: Trò chơi rất khó khăn chơi "," Chương 310: Yến Vân Thiên "," Chương 311: Công tử thị nữ tổ hợp "," Chương 312: Lại là cái nhân vật chính "," Chương 313: Xúi giục "," Chương 314: Tìm cái dê thế tội "," Chương 315: Nhân vật chính giết nhân vật chính "," Chương 316: Ẩn thế giang hồ đệ nhất mỹ nhân "," Chương 317: Quan hệ ràng buộc: Thất lạc phu thê "," Chương 318: Hàn Băng Linh Thể "," Chương 319: Chuyện gì cũng từ từ a "," Chương 320: Nhận chồng "," Chương 321: Phượng Huyền Tố phiền não "," Chương 322: Nhân vật chính tới đưa tiền "," Chương 323: Phương Hằng: Ta Hoàng Kim Chỉ thế nào vô dụng? "," Chương 324: Bệnh tâm thần người bệnh "," Chương 325: Năm hai đại học giáo hoa "," Chương 326: Không khổ cực, không khổ cực "," Chương 327: Cổ quái nữ chủ "," Chương 328: Biến thân lưu nhân vật chính "," Chương 329: Phùng An Na "," Chương 330: Xin tự trọng a "," Chương 331: Phùng An Na lấy lòng "," Chương 332: Từng người mang ý xấu riêng "," Chương 333: Tính toán cùng bị tính kế "," Chương 334: Biết vậy chẳng làm "," Chương 335: Cầu lấy sinh cơ "," Chương 336: Phùng An Na kỳ vọng "," Chương 337: Chân ga làm phanh lại "," Chương 338: Cổ chữa truyền thừa "," Chương 339: Quen thuộc sáo lộ "," Chương 340: Ăn cắp ngọc trụy "," Chương 341: Ngọc của ta đây? "," Chương 342: Bán dược kiếm tiền "," Chương 343: Miễn phí lao lực "," Chương 344: Thương châu Ninh gia, Ninh Ngạo Tuyết "," Chương 345: Lần đầu gặp gỡ "," Chương 346: Khoảng cách "," Chương 347: Ninh Ngạo Tuyết tâm tư "," Chương 348: Tới cửa bái phỏng "," Chương 349: Trò hay diễn ra "," Chương 350: Giải trừ hôn ước "," Chương 351: Hai cái hộ vệ "," Chương 352: Ba đàn bà thành cái chợ "," Chương 353: Thay đổi sách lược "," Chương 354: Theo dõi "," Chương 355: Sửu nữ chủ? "," Chương 356: Tự chui đầu vào lưới "," Chương 357: Diệp Thu bị bắt "," Chương 358: Diệp Thu lành lạnh "," Chương 359: Lục Yên "," Chương 360: Vũ đạo khóa "," Chương 361: Lãng phí thời giờ "," Chương 362: Tiểu phản phái xuất kích "," Chương 363: Dặn đi dặn lại "," Chương 364: Ngả bài "," Chương 365: Thu hoạch thời gian "," Chương 366: Đối sách "," Chương 367: Gặp gỡ bất ngờ "," Chương 368: Lẫn nhau lừa dối "," Chương 369: So Thiên Vương lão tử còn lớn hơn "," Chương 370: Yến Vân Thiên ý khó bình "," Chương 371: Bá đạo tổng tài lúng túng "," Chương 372: Lại nhiều một cái giáo hoa "," Chương 373: Nữ tần nhân vật chính Cố Ngữ Nhu "," Chương 374: Ai chọc ai xui xẻo "," Chương 375: Lên nhìn sao băng "," Chương 376: Xui xẻo Yến Vân Thiên "," Chương 377: Đại học trợ giáo Lâm Mặc "," Chương 378: Cáo trạng "," Chương 379: Chút mặt mũi này cũng không cho? "," Chương 380: Không biết, không thấy "," Chương 381: Vân Sơ Nhiên "," Chương 382: Thăm bệnh "," Chương 383: Thương thật nặng a "," Chương 384: Nói cái gì? "," Chương 385: Tìm thần y chữa bệnh "," Chương 386: Sân thượng lời nói trong đêm "," Chương 387: Rao giá trên trời "," Chương 388: Tâm linh trọng thương "," Chương 389: Không muốn mê tín "," Chương 390: Theo dõi "," Chương 391: Lục Thần kế hoạch "," Chương 392: Tương kế tựu kế "," Chương 393: Từng người mang ý xấu riêng "," Chương 394: Ngồi xổm người cùng bị ngồi xổm "," Chương 395: Thua lỗ thua lỗ "," Chương 396: Đều mang tâm tư "," Chương 397: Tổ đội "," Chương 398: Khán giả tập hợp "," Chương 399: Không theo sáo lộ ra bài "," Chương 400: Trận bóng rổ "," Chương 401: Lúng túng Lâm Mặc "," Chương 402: Mộ Bạch "," Chương 403: Cố Ngữ Nhu sinh nhật "," Chương 404: Tranh giành tình nhân? "," Chương 405: Bọ ngựa bắt ve, hoàng tước tại hậu "," Chương 406: Vô danh thâm sơn "," Chương 407: Mời "," Chương 408: Mỗi người có tâm tư riêng "," Chương 409: Phụ tử tâm sự "," Chương 410: Thần kỳ tao ngộ "," Chương 411: Một chỗ náo nhiệt một chút "," Chương 412: Mượn say hành hung "," Chương 413: Ngươi có bảo bảo lạp! "," Chương 414: Xanh đến phát quang "," Chương 415: Sau đó phải gọi hắn cha? "," Chương 416: Mộ Bạch kế hoạch lớn đại kế "," Chương 417: Toàn bộ bắt tới "," Chương 418: Giam lại "," Chương 419: Ngươi mới vừa nói cái gì? "," Chương 420: Quang hoàn thẻ "," Chương 421: Đại tỷ tới "," Chương 422: Đại tỷ phát biểu "," Chương 423: Tiểu Thần đây? "," Chương 424: Nhi tử, cứu mạng a "," Chương 425: Không có thương lượng "," Chương 426: Có thể tha thứ ta sao? "," Chương 427: Thái độ chuyển biến "," Chương 428: Khuyên bảo "," Chương 429: Tranh chấp "," Chương 430: Hưng sư vấn tội "," Chương 431: Lấy mạng người tới "," Chương 432: Nhìn chết hai người "," Chương 433: Mã Hồng Thắng tỉnh lại "," Chương 434: Tần Phàm anh hùng cứu mỹ nhân "," Chương 435: Nhị biểu ca Chân Soái "," Chương 436: Nhận thân "," Chương 437: Ngẫu nhiên gặp nhị biểu ca "," Chương 438: Điểm chiến lực tăng mạnh nhân vật chính "," Chương 439: Hồng Loan sao động "," Chương 440: Phải thật tốt nắm chắc "," Chương 441: Trang điểm ăn mặc "," Chương 442: Bắt chước "," Chương 443: Dự tiệc "," Chương 444: Thần cơ diệu toán "," Chương 445: Có người vui vẻ có người buồn "," Chương 446: Muốn vạch trần "," Chương 447: Tìm phiền toái tới "," Chương 448: Hẹn đàm "," Chương 449: Chuẩn bị ngả bài "," Chương 450: Vì kinh hỉ "," Chương 451: Tiểu thái điểu cứng "," Chương 452: Vũ hội hóa trang "," Chương 453: Mã giáp lên đường "," Chương 454: Khiêu vũ "," Chương 455: Ngả bài "," Chương 456: Chạy sẵn công "," Chương 457: Thu hoạch ngoài ý muốn "," Chương 458: Mưu đồ "," Chương 459: Mã gia biệt thự "," Chương 460: Cầm ta xe đền đáp? "," Chương 461: Tiểu Mã, nơi nào không thoải mái sao? "," Chương 462: Ly gián thành công "," Chương 463: Tần Phàm kiếm tiền "," Chương 464: Chân Lệ sinh nhật "," Chương 465: Bạn thân nói chuyện "," Chương 466: Kỳ hoa cha mẹ "," Chương 467: Biểu đệ Chân Vi "," Chương 468: Mỹ nữ trù thần "," Chương 469: Lại không đi "," Chương 470: Hiền lành nhút nhát Vương Hạo Nhiên "," Chương 471: Rất dễ bắt nạt? "," Chương 472: Lừa dối điện thoại "," Chương 473: Mời "," Chương 474: Sư tỷ muội "," Chương 475: Xã chết hiện trường "," Chương 476: Tần Phàm phát hỏa "," Chương 477: Chất vấn "," Chương 478: Gây chuyện tinh "," Chương 479: Phản phái phú gia nữ "," Chương 480: Không chút nào nể tình "," Chương 481: Một người phách lối như vậy? "," Chương 482: Luân hãm "," Chương 483: Hợp tác vui vẻ "," Chương 484: Dung nhập cẩu huyết nội dung truyện "," Chương 485: Cổ điển mỹ nữ? "," Chương 486: Nữ trang đại lão "," Chương 487: Đào chân tường? "," Chương 488: Lẫn nhau tính toán "," Chương 489: Điên đảo chúng sinh? "," Chương 490: Nhân vật chính kỳ ngộ thể nghiệm tạp "," Chương 491: Nữ địa sư "," Chương 492: Mới tới Thanh Linh "," Chương 493: Yêu nữ xuất kích "," Chương 494: Cái này gọi kỳ ngộ? "," Chương 495: Là cái ngoài ý muốn đây "," Chương 496: Bôn hội "," Chương 497: Lại là chuyện tốt gần tới? "," Chương 498: Tư tâm "," Chương 499: Phù bình an "," Chương 500: Xin giúp đỡ "," Chương 501: Có số đào hoa "," Chương 502: Phong cảnh danh thắng "," Chương 503: Thay đổi trang phục chụp ảnh "," Chương 504: Trời đều hỗ trợ "," Chương 505: Nhân vật chính đãi ngộ "," Chương 506: Lo được lo mất "," Chương 507: Tần Phàm bát quái "," Chương 508: Ngẫu nhiên gặp "," Chương 509: Phát khởi thế công "," Chương 510: Một cái bạo kích "," Chương 511: Trong lòng thật khổ "," Chương 512: Nông cạn a "," Chương 513: Lại tới chiêu này? "," Chương 514: Công cụ người "," Chương 515: Gừng càng già càng cay "," Chương 516: Lớn nhất bên thắng "," Chương 517: Lăng Nam Tự xuất viện "," Chương 518: Lâm Mặc đầu tư "," Chương 519: Năng lực khôi phục "," Chương 520: Điên cuồng thu hoạch tán thành giá trị "," Chương 521: Ngăn cản "," Chương 522: Đại biến dạng Lâm Mặc "," Chương 523: Tự tin lên "," Chương 524: Thật giả nữ thần "," Chương 525: Lộ ra ánh sáng rồi "," Chương 526: Phong ba "," Chương 527: Quyền vương? "," Chương 528: Biên kịch Lục Hân Di "," Chương 529: Nhất định có hiểu lầm "," Chương 530: Lâm Mặc lành lạnh "," Chương 531: Nữ phụ thành nữ phản phái "," Chương 532: Thật là một cái gây chuyện tinh "," Chương 533: Cẩu huyết sáo lộ "," Chương 534: Không theo sáo lộ ra bài "," Chương 535: Thiên tài kỳ thủ "," Chương 536: Làm Tần Phàm chế tạo sân khấu "," Chương 537: Khương Doãn Nhi đến "," Chương 538: Mặt ngoài bằng hữu "," Chương 539: Lại là xem mặt? "," Chương 540: Định ngày hẹn "," Chương 541: Sáo lộ Khương Doãn Nhi "," Chương 542: Mỹ nam kế "," Chương 543: Đánh cờ "," Chương 544: Liên tục đánh mặt "," Chương 545: Tần Phàm gọi ba ba "," Chương 546: Saranghaeyo "," Chương 547: Kế hoạch du lịch "," Chương 548: Nhìn ra xa "," Chương 549: Lên đường "," Chương 550: Hoang đảo lưu nhân vật chính "," Chương 551: Trước đưa một chén rượu "," Chương 552: Hệ thống sớm kích hoạt "," Chương 553: Dương Dật tâm tư "," Chương 554: Cá mập tới "," Chương 555: Kết thúc đường đi "," Chương 556: Lục Bắc Ca kế hoạch "," Chương 557: Bữa tiệc "," Chương 558: Trúng chiêu "," Chương 559: Hai đầu không lầm "," Chương 560: Mỗi người chột dạ "," Chương 561: May mắn "," Chương 562: Thực lực đại trướng "," Chương 563: Tần Phàm trêu muội "," Chương 564: Tần Phàm bị phế "," Chương 565: Xem náo nhiệt "," Chương 566: Thương châu Diệp đại sư "," Chương 567: Đến Thương châu "," Chương 568: Tả Khâu Lạc Nhạn "," Chương 569: Lại là nữ phụ "," Chương 570: Công viên, lão đầu, thiếu nữ "," Chương 571: Ngăn cản nội dung truyện "," Chương 572: Tả Khâu gia "," Chương 573: Sinh đôi tỷ tỷ "," Chương 574: Chế định kế hoạch "," Chương 575: Lựa chọn tu tiên công pháp "," Chương 576: Sáo lộ Ninh Ngạo Tuyết "," Chương 577: Tiến triển thần tốc "," Chương 578: Ninh phụ trở mặt "," Chương 579: Trở về Thanh Linh "," Chương 580: Nhận thân "," Chương 581: Tiến về Quỳnh châu "," Chương 582: Đến mà không gặp "," Chương 583: Tai nạn xe cộ "," Chương 584: Nằm viện "," Chương 585: Chiếu cố "," Chương 586: Bữa sáng thời gian "," Chương 587: Tình cảm ấm lên "," Chương 588: Sắp chia tay, lựa chọn "," Chương 589: Biểu lộ rõ ràng cõi lòng "," Chương 590: Rèn sắt khi còn nóng "," Chương 591: Tu tiên thiên phú "," Chương 592: Kế hoạch mới "," Chương 593: Thanh Linh tình thế hỗn loạn "," Chương 594: Lục địa Nhân Tiên "," Chương 595: Mã Hồng Thắng trả thù "," Chương 596: Hồng Môn Yến "," Chương 597: Một đợt không yên tĩnh, một đợt lại đến "," Chương 598: Giằng co "," Chương 599: Sư đồ quyết liệt "," Chương 600: Sống sót không tốt sao? "," Chương 601: Kỳ thực ta là Tiên Đế chuyển thế "," Chương 602: Ngả bài "," Chương 603: Thanh Vân tông "," Chương 604: Vân Sơ Nhiên tin tức "," Chương 605: Gặp lại Phượng Nhiêu "," Chương 606: Tiến về Thanh Vân tông "," Chương 607: Gặp lại Vân Sơ Nhiên "," Chương 608: Cùng đi từ hôn "," Chương 609: Cổ thành "," Chương 610: Sở Thiên "," Chương 611: Thần bí hắc tháp "," Chương 612: Thất Tinh tông phòng nghị sự "," Chương 613: Danh tràng diện "," Chương 614: Giao phong "," Chương 615: Thị nữ mà thôi "," Chương 616: Khai Thiên Tháp "," Chương 617: Tu luyện máy gian lận "," Chương 618: Trở về "," Chương 619: Tiến về Hương đảo "," Chương 620: Phùng gia "," Chương 621: Nữ phụ Phùng An Huệ "," Chương 622: Muốn cò kè mặc cả "," Chương 623: Dùng võ chế võ "," Chương 624: Diệp đại sư tới "," Chương 625: Mang hai cái phiền toái đòi nợ? "," Chương 626: Diệp đại sư: Ta chính là trời "," Chương 627: Diệp đại sư người phía trước hiển thánh "," Chương 628: Vương đại sư xuất mã "," Chương 629: Diệp đại sư luống cuống "," Chương 630: Diệp đại sư chạy trối chết "," Chương 631: Phùng An Na tâm tư "," Chương 632: Cho cái cơ hội "," Chương 633: Bộ Phi Yên trở về "," Chương 634: Bộ Phi Yên bị thương "," Chương 635: Thôn xóm nhỏ "," Chương 636: Tiểu nông dân nhân vật chính "," Chương 637: Quang hoàn quá tranh khí "," Chương 638: Sáo lộ Lâm Thiên "," Chương 639: Động thiên phúc địa "," Chương 640: Đến cùng ai nông cạn? "," Chương 641: Hiền lành thôn hoa nữ chủ "," Chương 642: Lẫn nhau lừa dối "," Chương 643: Một chiêu tiên cật biến thiên "," Chương 644: Một chỗ phát tài? "," Chương 645: Cái bẫy "," Chương 646: Uy hiếp "," Chương 647: Hỗn Độn Bình tới tay "," Chương 648: Thu hoạch tràn đầy "," Chương 649: Ngả bài "," Chương 650: Mỹ nữ tổng tài nữ chủ? "," Chương 651: Tiến về Thượng Hải "," Chương 652: Thẳng thắn "," Chương 653: Đến Thượng Hải "," Chương 654: Thất sách "," Chương 655: Nhận lời mời hộ vệ "," Chương 656: Tiệt hồ thành công "," Chương 657: Ngồi mát ăn bát vàng "," Chương 658: Diệp Phàm hành động "," Chương 659: Ngoan độc mẹ con "," Chương 660: Vì ta lưu lại "," Chương 661: Địa Bảng thứ hai "," Chương 662: Diệp Huyền Thiên ước chiến Long Thiên Sơn "," Chương 663: Người thả câu "," Chương 664: Ngày quyết chiến "," Chương 665: Dạ Vô Ngân "," Chương 666: Phong vân hội tụ "," Chương 667: Bàn Long Ti "," Chương 668: Diệp Huyền Thiên bại trận "," Chương 669: Long Thiên Sơn bái sư "," Chương 670: Mời "," Chương 671: Thiên Bảng hiện thế "," Chương 672: Vương Vạn Lý "," Chương 673: Thánh vực "," Chương 674: Tiên Thiên Linh Thể "," Chương 675: Bá đạo Vương gia "," Chương 676: Cầu viện "," Chương 677: Tô Huyền "," Chương 678: Thần bí nữ tử áo đỏ "," Chương 679: Yêu cầu chân dung "," Chương 680: Thăng cấp quang hoàn "," Chương 681: Triệt để quyết liệt "," Chương 682: Dốc toàn bộ lực lượng "," Chương 683: Cô lập Tô Huyền "," Chương 684: Kiếm tới! "," Chương 685: Tô Huyền trọng thương "," Chương 686: Gặp nhau "," Chương 687: Ly gián "," Chương 688: Đào chân tường "," Chương 689: Khuyên điểm "," Chương 690: Hộ tống "," Chương 691: Âm Nguyệt tông "," Chương 692: Ngăn cách "," Chương 693: Hoa Giải Ngữ "," Chương 694: Bị quăng hai lần "," Chương 695: Công tử dừng bước "," Chương 696: Tâm loạn như ma yêu nữ "," Chương 697: Răn dạy "," Chương 698: Hoa Phi Huyên thái độ "," Chương 699: Cố Hồng Y luân hãm "," Chương 700: Lôi kéo "," Chương 701: Tâm loạn như ma "," Chương 702: Sư đồ va chạm "," Chương 703: Công bằng cạnh tranh "," Chương 704: Tiên hạ thủ vi cường "," Chương 705: Sư đồ lẫn nhau bóp "," Chương 706: Mọi việc đều thuận lợi "," Chương 707: Luyện đan "," Chương 708: Mất tích phong ba "," Chương 709: Ba cái thương tâm người "," Chương 710: Chuyển buồn làm vui "," Chương 711: Lo lắng Tô Huyền, bành trướng Diệp Phàm "," Chương 712: Rời đi thánh vực "," Chương 713: Vu Hành Thiên "," Chương 714: Tác hợp thất bại "," Chương 715: Tiến về đế đô "," Chương 716: Phỏng đoán "," Chương 717: Bạn thân tổ ba người "," Chương 718: Chột dạ Dạ Vô Ngân "," Chương 719: Trợ lực "," Chương 720: Ôm cây đợi thỏ "," Chương 721: Gặp lại Sở Thiên "," Chương 722: Bố cục "," Chương 723: Phẫn nộ Sở Thiên, mộng bỉ Diệp Phàm "," Chương 724: Sở Thiên chiến Diệp Phàm "," Chương 725: Diệp Huyền Thiên hơn một chút "," Chương 726: Tung lưới "," Chương 727: Gài bẫy "," Chương 728: Mắc câu "," Chương 729: Hồng Mông Kiếm tới tay "," Chương 730: Mưa gió nổi lên "," Chương 731: Tập kết "," Chương 732: Một kiếm "," Chương 733: Vang danh thiên hạ "," Chương 734: Sở Thiên lành lạnh "," Chương 735: Diệp Phàm kế hoạch mới "," Chương 736: Hai cái tim đập "," Chương 737: Tô Huyền tin tức "," Chương 738: Khương tộc thiếu nữ "," Chương 739: Tô Huyền trợ lực "," Chương 740: Kéo dài thời gian "," Chương 741: Đào nhân vật chính góc tường "," Chương 742: Tô Huyền ăn quả đắng "," Chương 743: Chỉ là bằng hữu "," Chương 744: Tiệt hồ cơ duyên "," Chương 745: Cực Hỏa tinh túy "," Chương 746: Tự ôn chuyện "," Chương 747: Sính lễ "," Chương 748: Ngày cưới trì hoãn "," Chương 749: Xích Viêm sơn "," Chương 750: Châm ngòi "," Chương 751: Cố Hồng Y ngả bài "," Chương 752: Tô Huyền lành lạnh "," Chương 753: Đại hôn "," Chương 754: Đại kết cục (thượng) "," Chương 755: Đại kết cục (hạ) "]}